student_id,math_score,reading_score,writing_score,average_score,performance_level
1,72,72,74,72.66666666666667,High
2,69,90,88,82.33333333333333,High
3,90,95,93,92.66666666666669,High
4,47,57,44,49.333333333333336,Medium
5,76,78,75,76.33333333333333,High
6,71,83,78,77.33333333333333,High
7,88,95,92,91.66666666666669,High
8,40,43,39,40.66666666666666,Medium
9,64,64,67,65.0,Medium
10,38,60,50,49.333333333333336,Medium
11,58,54,52,54.66666666666666,Medium
12,40,52,43,45.0,Medium
13,65,81,73,73.0,High
14,78,72,70,73.33333333333333,High
15,50,53,58,53.66666666666666,Medium
16,69,75,78,74.0,High
17,88,89,86,87.66666666666667,High
18,18,32,28,26.0,Low
19,46,42,46,44.66666666666666,Medium
20,54,58,61,57.66666666666666,Medium
21,66,69,63,66.0,Medium
22,65,75,70,70.0,High
23,44,54,53,50.333333333333336,Medium
24,69,73,73,71.66666666666667,High
25,74,71,80,75.0,High
26,73,74,72,73.0,High
27,69,54,55,59.333333333333336,Medium
28,67,69,75,70.33333333333333,High
29,70,70,65,68.33333333333333,Medium
30,62,70,75,69.0,Medium
31,69,74,74,72.33333333333333,High
32,63,65,61,63.0,Medium
33,56,72,65,64.33333333333333,Medium
34,40,42,38,40.0,Medium
35,97,87,82,88.66666666666667,High
36,81,81,79,80.33333333333333,High
37,74,81,83,79.33333333333333,High
38,50,64,59,57.66666666666666,Medium
39,75,90,88,84.33333333333333,High
40,57,56,57,56.66666666666666,Medium
41,55,61,54,56.66666666666666,Medium
42,58,73,68,66.33333333333333,Medium
43,53,58,65,58.66666666666666,Medium
44,59,65,66,63.333333333333336,Medium
45,50,56,54,53.333333333333336,Medium
46,65,54,57,58.66666666666666,Medium
47,55,65,62,60.66666666666666,Medium
48,66,71,76,71.0,High
49,57,74,76,69.0,Medium
50,82,84,82,82.66666666666667,High
51,53,55,48,52.0,Medium
52,77,69,68,71.33333333333333,High
53,53,44,42,46.333333333333336,Medium
54,88,78,75,80.33333333333333,High
55,71,84,87,80.66666666666667,High
56,33,41,43,39.0,Low
57,82,85,86,84.33333333333333,High
58,52,55,49,52.0,Medium
59,58,59,58,58.333333333333336,Medium
60,0,17,10,9.0,Low
61,79,74,72,75.0,High
62,39,39,34,37.333333333333336,Low
63,62,61,55,59.333333333333336,Medium
64,69,80,71,73.33333333333333,High
65,59,58,59,58.66666666666666,Medium
66,67,64,61,64.0,Medium
67,45,37,37,39.66666666666666,Low
68,60,72,74,68.66666666666667,Medium
69,61,58,56,58.333333333333336,Medium
70,39,64,57,53.333333333333336,Medium
71,58,63,73,64.66666666666667,Medium
72,63,55,63,60.333333333333336,Medium
73,41,51,48,46.66666666666666,Medium
74,61,57,56,58.0,Medium
75,49,49,41,46.333333333333336,Medium
76,44,41,38,41.0,Medium
77,30,26,22,26.0,Low
78,80,78,81,79.66666666666667,High
79,61,74,72,69.0,Medium
80,62,68,68,66.0,Medium
81,47,49,50,48.66666666666666,Medium
82,49,45,45,46.333333333333336,Medium
83,50,47,54,50.333333333333336,Medium
84,72,64,63,66.33333333333333,Medium
85,42,39,34,38.333333333333336,Low
86,73,80,82,78.33333333333333,High
87,76,83,88,82.33333333333333,High
88,71,71,74,72.0,High
89,58,70,67,65.0,Medium
90,73,86,82,80.33333333333333,High
91,65,72,74,70.33333333333333,High
92,27,34,36,32.333333333333336,Low
93,71,79,71,73.66666666666667,High
94,43,45,50,46.0,Medium
95,79,86,92,85.66666666666667,High
96,78,81,82,80.33333333333333,High
97,65,66,62,64.33333333333333,Medium
98,63,72,70,68.33333333333333,Medium
99,58,67,62,62.333333333333336,Medium
100,65,67,62,64.66666666666667,Medium
101,79,67,67,71.0,High
102,68,74,74,72.0,High
103,85,91,89,88.33333333333333,High
104,60,44,47,50.333333333333336,Medium
105,98,86,90,91.33333333333331,High
106,58,67,72,65.66666666666667,Medium
107,87,100,100,95.66666666666669,High
108,66,63,64,64.33333333333333,Medium
109,52,76,70,66.0,Medium
110,70,64,72,68.66666666666667,Medium
111,77,89,98,88.0,High
112,62,55,49,55.333333333333336,Medium
113,54,53,47,51.333333333333336,Medium
114,51,58,54,54.333333333333336,Medium
115,99,100,100,99.66666666666669,High
116,84,77,74,78.33333333333333,High
117,75,85,82,80.66666666666667,High
118,78,82,79,79.66666666666667,High
119,51,63,61,58.333333333333336,Medium
120,55,69,65,63.0,Medium
121,79,92,89,86.66666666666667,High
122,91,89,92,90.66666666666669,High
123,88,93,93,91.33333333333331,High
124,63,57,56,58.66666666666666,Medium
125,83,80,73,78.66666666666667,High
126,87,95,86,89.33333333333333,High
127,72,68,67,69.0,Medium
128,65,77,74,72.0,High
129,82,82,74,79.33333333333333,High
130,51,49,51,50.333333333333336,Medium
131,89,84,82,85.0,High
132,53,37,40,43.333333333333336,Medium
133,87,74,70,77.0,High
134,75,81,84,80.0,High
135,74,79,75,76.0,High
136,58,55,48,53.66666666666666,Medium
137,51,54,41,48.66666666666666,Medium
138,70,55,56,60.333333333333336,Medium
139,59,66,67,64.0,Medium
140,71,61,69,67.0,Medium
141,76,72,71,73.0,High
142,59,62,64,61.66666666666666,Medium
143,42,55,54,50.333333333333336,Medium
144,57,43,47,49.0,Medium
145,88,73,78,79.66666666666667,High
146,22,39,33,31.33333333333333,Low
147,88,84,75,82.33333333333333,High
148,73,68,66,69.0,Medium
149,68,75,81,74.66666666666667,High
150,100,100,93,97.66666666666669,High
151,62,67,69,66.0,Medium
152,77,67,68,70.66666666666667,High
153,59,70,66,65.0,Medium
154,54,49,47,50.0,Medium
155,62,67,61,63.333333333333336,Medium
156,70,89,88,82.33333333333333,High
157,66,74,78,72.66666666666667,High
158,60,60,60,60.0,Medium
159,61,86,87,78.0,High
160,66,62,64,64.0,Medium
161,82,78,74,78.0,High
162,75,88,85,82.66666666666667,High
163,49,53,52,51.333333333333336,Medium
164,52,53,49,51.333333333333336,Medium
165,81,92,91,88.0,High
166,96,100,100,98.66666666666669,High
167,53,51,51,51.66666666666666,Medium
168,58,76,78,70.66666666666667,High
169,68,83,78,76.33333333333333,High
170,67,75,70,70.66666666666667,High
171,72,73,74,73.0,High
172,94,88,78,86.66666666666667,High
173,79,86,81,82.0,High
174,63,67,70,66.66666666666667,Medium
175,43,51,54,49.333333333333336,Medium
176,81,91,87,86.33333333333333,High
177,46,54,58,52.66666666666666,Medium
178,71,77,77,75.0,High
179,52,70,62,61.333333333333336,Medium
180,97,100,100,99.0,High
181,62,68,75,68.33333333333333,Medium
182,46,64,66,58.66666666666666,Medium
183,50,50,47,49.0,Medium
184,65,69,70,68.0,Medium
185,45,52,49,48.66666666666666,Medium
186,65,67,65,65.66666666666667,Medium
187,80,76,65,73.66666666666667,High
188,62,66,68,65.33333333333333,Medium
189,48,52,45,48.333333333333336,Medium
190,77,88,87,84.0,High
191,66,65,69,66.66666666666667,Medium
192,76,83,79,79.33333333333333,High
193,62,64,66,64.0,Medium
194,77,62,62,67.0,Medium
195,69,84,85,79.33333333333333,High
196,61,55,52,56.0,Medium
197,59,69,65,64.33333333333333,Medium
198,55,56,51,54.0,Medium
199,45,53,55,51.0,Medium
200,78,79,76,77.66666666666667,High
201,67,84,86,79.0,High
202,65,81,77,74.33333333333333,High
203,69,77,69,71.66666666666667,High
204,57,69,68,64.66666666666667,Medium
205,59,41,42,47.333333333333336,Medium
206,74,71,78,74.33333333333333,High
207,82,62,62,68.66666666666667,Medium
208,81,80,76,79.0,High
209,74,81,76,77.0,High
210,58,61,66,61.66666666666666,Medium
211,80,79,79,79.33333333333333,High
212,35,28,27,30.0,Low
213,42,62,60,54.66666666666666,Medium
214,60,51,56,55.66666666666666,Medium
215,87,91,81,86.33333333333333,High
216,84,83,75,80.66666666666667,High
217,83,86,88,85.66666666666667,High
218,34,42,39,38.333333333333336,Low
219,66,77,70,71.0,High
220,61,56,56,57.66666666666666,Medium
221,56,68,74,66.0,Medium
222,87,85,73,81.66666666666667,High
223,55,65,62,60.66666666666666,Medium
224,86,80,75,80.33333333333333,High
225,52,66,73,63.66666666666666,Medium
226,45,56,54,51.66666666666666,Medium
227,72,72,71,71.66666666666667,High
228,57,50,54,53.66666666666666,Medium
229,68,72,64,68.0,Medium
230,88,95,94,92.33333333333331,High
231,76,64,66,68.66666666666667,Medium
232,46,43,42,43.66666666666666,Medium
233,67,86,83,78.66666666666667,High
234,92,87,78,85.66666666666667,High
235,83,82,84,83.0,High
236,80,75,77,77.33333333333333,High
237,63,66,67,65.33333333333333,Medium
238,64,60,74,66.0,Medium
239,54,52,51,52.333333333333336,Medium
240,84,80,80,81.33333333333333,High
241,73,68,66,69.0,Medium
242,80,83,83,82.0,High
243,56,52,55,54.333333333333336,Medium
244,59,51,43,51.0,Medium
245,75,74,69,72.66666666666667,High
246,85,76,71,77.33333333333333,High
247,89,76,74,79.66666666666667,High
248,58,70,68,65.33333333333333,Medium
249,65,64,62,63.66666666666666,Medium
250,68,60,53,60.333333333333336,Medium
251,47,49,49,48.333333333333336,Medium
252,71,83,83,79.0,High
253,60,70,70,66.66666666666667,Medium
254,80,80,72,77.33333333333333,High
255,54,52,52,52.66666666666666,Medium
256,62,73,70,68.33333333333333,Medium
257,64,73,68,68.33333333333333,Medium
258,78,77,77,77.33333333333333,High
259,70,75,78,74.33333333333333,High
260,65,81,81,75.66666666666667,High
261,64,79,77,73.33333333333333,High
262,79,79,78,78.66666666666667,High
263,44,50,51,48.333333333333336,Medium
264,99,93,90,94.0,High
265,76,73,68,72.33333333333333,High
266,59,42,41,47.333333333333336,Medium
267,63,75,81,73.0,High
268,69,72,77,72.66666666666667,High
269,88,92,95,91.66666666666669,High
270,71,76,70,72.33333333333333,High
271,69,63,61,64.33333333333333,Medium
272,58,49,42,49.66666666666666,Medium
273,47,53,58,52.66666666666666,Medium
274,65,70,71,68.66666666666667,Medium
275,88,85,76,83.0,High
276,83,78,73,78.0,High
277,85,92,93,90.0,High
278,59,63,75,65.66666666666667,Medium
279,65,86,80,77.0,High
280,73,56,57,62.0,Medium
281,53,52,42,49.0,Medium
282,45,48,46,46.333333333333336,Medium
283,73,79,84,78.66666666666667,High
284,70,78,78,75.33333333333333,High
285,37,46,46,43.0,Medium
286,81,82,82,81.66666666666667,High
287,97,82,88,89.0,High
288,67,89,82,79.33333333333333,High
289,88,75,76,79.66666666666667,High
290,77,76,77,76.66666666666667,High
291,76,70,68,71.33333333333333,High
292,86,73,70,76.33333333333333,High
293,63,60,57,60.0,Medium
294,65,73,75,71.0,High
295,78,77,80,78.33333333333333,High
296,67,62,60,63.0,Medium
297,46,41,43,43.333333333333336,Medium
298,71,74,68,71.0,High
299,40,46,50,45.333333333333336,Medium
300,90,87,75,84.0,High
301,81,78,81,80.0,High
302,56,54,52,54.0,Medium
303,67,84,81,77.33333333333333,High
304,80,76,64,73.33333333333333,High
305,74,75,83,77.33333333333333,High
306,69,67,69,68.33333333333333,Medium
307,99,87,81,89.0,High
308,51,52,44,49.0,Medium
309,53,71,67,63.66666666666666,Medium
310,49,57,52,52.66666666666666,Medium
311,73,76,80,76.33333333333333,High
312,66,60,57,61.0,Medium
313,67,61,68,65.33333333333333,Medium
314,68,67,69,68.0,Medium
315,59,64,75,66.0,Medium
316,71,66,65,67.33333333333333,Medium
317,77,82,91,83.33333333333333,High
318,83,72,78,77.66666666666667,High
319,63,71,69,67.66666666666667,Medium
320,56,65,63,61.333333333333336,Medium
321,67,79,84,76.66666666666667,High
322,75,86,79,80.0,High
323,71,81,80,77.33333333333333,High
324,43,53,53,49.66666666666666,Medium
325,41,46,43,43.333333333333336,Medium
326,82,90,94,88.66666666666667,High
327,61,61,62,61.333333333333336,Medium
328,28,23,19,23.33333333333333,Low
329,82,75,77,78.0,High
330,41,55,51,49.0,Medium
331,71,60,61,64.0,Medium
332,47,37,35,39.66666666666666,Low
333,62,56,53,57.0,Medium
334,90,78,81,83.0,High
335,83,93,95,90.33333333333331,High
336,61,68,66,65.0,Medium
337,76,70,69,71.66666666666667,High
338,49,51,43,47.66666666666666,Medium
339,24,38,27,29.666666666666668,Low
340,35,55,60,50.0,Medium
341,58,61,52,57.0,Medium
342,61,73,63,65.66666666666667,Medium
343,69,76,74,73.0,High
344,67,72,67,68.66666666666667,Medium
345,79,73,67,73.0,High
346,72,80,75,75.66666666666667,High
347,62,61,57,60.0,Medium
348,77,94,95,88.66666666666667,High
349,75,74,66,71.66666666666667,High
350,87,74,76,79.0,High
351,52,65,69,62.0,Medium
352,66,57,52,58.333333333333336,Medium
353,63,78,80,73.66666666666667,High
354,46,58,57,53.66666666666666,Medium
355,59,71,70,66.66666666666667,Medium
356,61,72,70,67.66666666666667,Medium
357,63,61,61,61.66666666666666,Medium
358,42,66,69,59.0,Medium
359,59,62,61,60.66666666666666,Medium
360,80,90,89,86.33333333333333,High
361,58,62,59,59.66666666666666,Medium
362,85,84,78,82.33333333333333,High
363,52,58,58,56.0,Medium
364,27,34,32,31.0,Low
365,59,60,58,59.0,Medium
366,49,58,60,55.66666666666666,Medium
367,69,58,53,60.0,Medium
368,61,66,61,62.66666666666666,Medium
369,44,64,58,55.333333333333336,Medium
370,73,84,85,80.66666666666667,High
371,84,77,71,77.33333333333333,High
372,45,73,70,62.66666666666666,Medium
373,74,74,72,73.33333333333333,High
374,82,97,96,91.66666666666669,High
375,59,70,73,67.33333333333333,Medium
376,46,43,41,43.333333333333336,Medium
377,80,90,82,84.0,High
378,85,95,100,93.33333333333331,High
379,71,83,77,77.0,High
380,66,64,62,64.0,Medium
381,80,86,83,83.0,High
382,87,100,95,94.0,High
383,79,81,71,77.0,High
384,38,49,45,44.0,Medium
385,38,43,43,41.333333333333336,Medium
386,67,76,75,72.66666666666667,High
387,64,73,70,69.0,Medium
388,57,78,67,67.33333333333333,Medium
389,62,64,64,63.333333333333336,Medium
390,73,70,75,72.66666666666667,High
391,73,67,59,66.33333333333333,Medium
392,77,68,77,74.0,High
393,76,67,67,70.0,High
394,57,54,56,55.66666666666666,Medium
395,65,74,77,72.0,High
396,48,45,41,44.66666666666666,Medium
397,50,67,63,60.0,Medium
398,85,89,95,89.66666666666667,High
399,74,63,57,64.66666666666667,Medium
400,60,59,54,57.66666666666666,Medium
401,59,54,67,60.0,Medium
402,53,43,43,46.333333333333336,Medium
403,49,65,55,56.333333333333336,Medium
404,88,99,100,95.66666666666669,High
405,54,59,62,58.333333333333336,Medium
406,63,73,68,68.0,Medium
407,65,65,63,64.33333333333333,Medium
408,82,80,77,79.66666666666667,High
409,52,57,56,55.0,Medium
410,87,84,85,85.33333333333333,High
411,70,71,74,71.66666666666667,High
412,84,83,78,81.66666666666667,High
413,71,66,60,65.66666666666667,Medium
414,63,67,67,65.66666666666667,Medium
415,51,72,79,67.33333333333333,Medium
416,84,73,69,75.33333333333333,High
417,71,74,68,71.0,High
418,74,73,67,71.33333333333333,High
419,68,59,62,63.0,Medium
420,57,56,54,55.66666666666666,Medium
421,82,93,93,89.33333333333333,High
422,57,58,64,59.66666666666666,Medium
423,47,58,67,57.333333333333336,Medium
424,59,85,80,74.66666666666667,High
425,41,39,34,38.0,Low
426,62,67,62,63.66666666666666,Medium
427,86,83,86,85.0,High
428,69,71,65,68.33333333333333,Medium
429,65,59,53,59.0,Medium
430,68,63,54,61.66666666666666,Medium
431,64,66,59,63.0,Medium
432,61,72,70,67.66666666666667,Medium
433,61,56,55,57.333333333333336,Medium
434,47,59,50,52.0,Medium
435,73,66,66,68.33333333333333,Medium
436,50,48,53,50.333333333333336,Medium
437,75,68,64,69.0,Medium
438,75,66,73,71.33333333333333,High
439,70,56,51,59.0,Medium
440,89,88,82,86.33333333333333,High
441,67,81,79,75.66666666666667,High
442,78,81,80,79.66666666666667,High
443,59,73,69,67.0,Medium
444,73,83,76,77.33333333333333,High
445,79,82,73,78.0,High
446,67,74,77,72.66666666666667,High
447,69,66,60,65.0,Medium
448,86,81,80,82.33333333333333,High
449,47,46,42,45.0,Medium
450,81,73,72,75.33333333333333,High
451,64,85,85,78.0,High
452,100,92,97,96.33333333333331,High
453,65,77,74,72.0,High
454,65,58,49,57.333333333333336,Medium
455,53,61,62,58.66666666666666,Medium
456,37,56,47,46.66666666666666,Medium
457,79,89,89,85.66666666666667,High
458,53,54,48,51.66666666666666,Medium
459,100,100,100,100.0,High
460,72,65,68,68.33333333333333,Medium
461,53,58,55,55.333333333333336,Medium
462,54,54,45,51.0,Medium
463,71,70,76,72.33333333333333,High
464,77,90,91,86.0,High
465,75,58,62,65.0,Medium
466,84,87,91,87.33333333333333,High
467,26,31,38,31.666666666666668,Low
468,72,67,65,68.0,Medium
469,77,88,85,83.33333333333333,High
470,91,74,76,80.33333333333333,High
471,83,85,90,86.0,High
472,63,69,74,68.66666666666667,Medium
473,68,86,84,79.33333333333333,High
474,59,67,61,62.333333333333336,Medium
475,90,90,91,90.33333333333331,High
476,71,76,83,76.66666666666667,High
477,76,62,66,68.0,Medium
478,80,68,72,73.33333333333333,High
479,55,64,70,63.0,Medium
480,76,71,67,71.33333333333333,High
481,73,71,68,70.66666666666667,High
482,52,59,56,55.66666666666666,Medium
483,68,68,61,65.66666666666667,Medium
484,59,52,46,52.333333333333336,Medium
485,49,52,54,51.66666666666666,Medium
486,70,74,71,71.66666666666667,High
487,61,47,56,54.66666666666666,Medium
488,60,75,74,69.66666666666667,Medium
489,64,53,57,58.0,Medium
490,79,82,82,81.0,High
491,65,85,76,75.33333333333333,High
492,64,64,70,66.0,Medium
493,83,83,90,85.33333333333333,High
494,81,88,90,86.33333333333333,High
495,54,64,68,62.0,Medium
496,68,64,66,66.0,Medium
497,54,48,52,51.333333333333336,Medium
498,59,78,76,71.0,High
499,66,69,68,67.66666666666667,Medium
500,76,71,72,73.0,High
501,74,79,82,78.33333333333333,High
502,94,87,92,91.0,High
503,63,61,54,59.333333333333336,Medium
504,95,89,92,92.0,High
505,40,59,54,51.0,Medium
506,82,82,80,81.33333333333333,High
507,68,70,66,68.0,Medium
508,55,59,54,56.0,Medium
509,79,78,77,78.0,High
510,86,92,87,88.33333333333333,High
511,76,71,73,73.33333333333333,High
512,64,50,43,52.333333333333336,Medium
513,62,49,52,54.333333333333336,Medium
514,54,61,62,59.0,Medium
515,77,97,94,89.33333333333333,High
516,76,87,85,82.66666666666667,High
517,74,89,84,82.33333333333333,High
518,66,74,73,71.0,High
519,66,78,78,74.0,High
520,67,78,79,74.66666666666667,High
521,71,49,52,57.333333333333336,Medium
522,91,86,84,87.0,High
523,69,58,57,61.333333333333336,Medium
524,54,59,50,54.333333333333336,Medium
525,53,52,49,51.333333333333336,Medium
526,68,60,59,62.333333333333336,Medium
527,56,61,60,59.0,Medium
528,36,53,43,44.0,Medium
529,29,41,47,39.0,Low
530,62,74,70,68.66666666666667,Medium
531,68,67,73,69.33333333333333,Medium
532,47,54,53,51.333333333333336,Medium
533,62,61,58,60.333333333333336,Medium
534,79,88,94,87.0,High
535,73,69,68,70.0,High
536,66,83,83,77.33333333333333,High
537,51,60,58,56.333333333333336,Medium
538,51,66,62,59.66666666666666,Medium
539,85,66,71,74.0,High
540,97,92,86,91.66666666666669,High
541,75,69,68,70.66666666666667,High
542,79,82,80,80.33333333333333,High
543,81,77,79,79.0,High
544,82,95,89,88.66666666666667,High
545,64,63,66,64.33333333333333,Medium
546,78,83,80,80.33333333333333,High
547,92,100,97,96.33333333333331,High
548,72,67,64,67.66666666666667,Medium
549,62,67,64,64.33333333333333,Medium
550,79,72,69,73.33333333333333,High
551,79,76,65,73.33333333333333,High
552,87,90,88,88.33333333333333,High
553,40,48,50,46.0,Medium
554,77,62,64,67.66666666666667,Medium
555,53,45,40,46.0,Medium
556,32,39,33,34.666666666666664,Low
557,55,72,79,68.66666666666667,Medium
558,61,67,66,64.66666666666667,Medium
559,53,70,70,64.33333333333333,Medium
560,73,66,62,67.0,Medium
561,74,75,79,76.0,High
562,63,74,74,70.33333333333333,High
563,96,90,92,92.66666666666669,High
564,63,80,80,74.33333333333333,High
565,48,51,46,48.333333333333336,Medium
566,48,43,45,45.333333333333336,Medium
567,92,100,100,97.33333333333331,High
568,61,71,78,70.0,High
569,63,48,47,52.66666666666666,Medium
570,68,68,67,67.66666666666667,Medium
571,71,75,70,72.0,High
572,91,96,92,93.0,High
573,53,62,56,57.0,Medium
574,50,66,64,60.0,Medium
575,74,81,71,75.33333333333333,High
576,40,55,53,49.333333333333336,Medium
577,61,51,52,54.66666666666666,Medium
578,81,91,89,87.0,High
579,48,56,58,54.0,Medium
580,53,61,68,60.66666666666666,Medium
581,81,97,96,91.33333333333331,High
582,77,79,80,78.66666666666667,High
583,63,73,78,71.33333333333333,High
584,73,75,80,76.0,High
585,69,77,77,74.33333333333333,High
586,65,76,76,72.33333333333333,High
587,55,73,73,67.0,Medium
588,44,63,62,56.333333333333336,Medium
589,54,64,65,61.0,Medium
590,48,66,65,59.66666666666666,Medium
591,58,57,54,56.333333333333336,Medium
592,71,62,50,61.0,Medium
593,68,68,64,66.66666666666667,Medium
594,74,76,73,74.33333333333333,High
595,92,100,99,97.0,High
596,56,79,72,69.0,Medium
597,30,24,15,23.0,Low
598,53,54,48,51.66666666666666,Medium
599,69,77,73,73.0,High
600,65,82,81,76.0,High
601,54,60,63,59.0,Medium
602,29,29,30,29.33333333333333,Low
603,76,78,80,78.0,High
604,60,57,51,56.0,Medium
605,84,89,90,87.66666666666667,High
606,75,72,62,69.66666666666667,Medium
607,85,84,82,83.66666666666667,High
608,40,58,54,50.66666666666666,Medium
609,61,64,62,62.333333333333336,Medium
610,58,63,65,62.0,Medium
611,69,60,63,64.0,Medium
612,58,59,66,61.0,Medium
613,94,90,91,91.66666666666669,High
614,65,77,74,72.0,High
615,82,93,93,89.33333333333333,High
616,60,68,72,66.66666666666667,Medium
617,37,45,38,40.0,Medium
618,88,78,83,83.0,High
619,95,81,84,86.66666666666667,High
620,65,73,68,68.66666666666667,Medium
621,35,61,54,50.0,Medium
622,62,63,56,60.333333333333336,Medium
623,58,51,52,53.66666666666666,Medium
624,100,96,86,94.0,High
625,61,58,62,60.333333333333336,Medium
626,100,97,99,98.66666666666669,High
627,69,70,63,67.33333333333333,Medium
628,61,48,46,51.66666666666666,Medium
629,49,57,46,50.66666666666666,Medium
630,44,51,55,50.0,Medium
631,67,64,70,67.0,Medium
632,79,60,65,68.0,Medium
633,66,74,81,73.66666666666667,High
634,75,88,85,82.66666666666667,High
635,84,84,80,82.66666666666667,High
636,71,74,64,69.66666666666667,Medium
637,67,80,81,76.0,High
638,80,92,88,86.66666666666667,High
639,86,76,74,78.66666666666667,High
640,76,74,73,74.33333333333333,High
641,41,52,51,48.0,Medium
642,74,88,90,84.0,High
643,72,81,79,77.33333333333333,High
644,74,79,80,77.66666666666667,High
645,70,65,60,65.0,Medium
646,65,81,81,75.66666666666667,High
647,59,70,65,64.66666666666667,Medium
648,64,62,68,64.66666666666667,Medium
649,50,53,55,52.66666666666666,Medium
650,69,79,81,76.33333333333333,High
651,51,56,53,53.333333333333336,Medium
652,68,80,76,74.66666666666667,High
653,85,86,98,89.66666666666667,High
654,65,70,74,69.66666666666667,Medium
655,73,79,79,77.0,High
656,62,67,67,65.33333333333333,Medium
657,77,67,64,69.33333333333333,Medium
658,69,66,61,65.33333333333333,Medium
659,43,60,58,53.66666666666666,Medium
660,90,87,85,87.33333333333333,High
661,74,77,73,74.66666666666667,High
662,73,66,63,67.33333333333333,Medium
663,55,71,69,65.0,Medium
664,65,69,67,67.0,Medium
665,80,63,63,68.66666666666667,Medium
666,50,60,60,56.66666666666666,Medium
667,63,73,71,69.0,Medium
668,77,85,87,83.0,High
669,73,74,61,69.33333333333333,Medium
670,81,72,77,76.66666666666667,High
671,66,76,68,70.0,High
672,52,57,50,53.0,Medium
673,69,78,76,74.33333333333333,High
674,65,84,84,77.66666666666667,High
675,69,77,78,74.66666666666667,High
676,50,64,66,60.0,Medium
677,73,78,76,75.66666666666667,High
678,70,82,76,76.0,High
679,81,75,78,78.0,High
680,63,61,60,61.333333333333336,Medium
681,67,72,74,71.0,High
682,60,68,60,62.66666666666666,Medium
683,62,55,54,57.0,Medium
684,29,40,44,37.66666666666666,Low
685,62,66,68,65.33333333333333,Medium
686,94,99,100,97.66666666666669,High
687,85,75,68,76.0,High
688,77,78,73,76.0,High
689,53,58,44,51.66666666666666,Medium
690,93,90,83,88.66666666666667,High
691,49,53,53,51.66666666666666,Medium
692,73,76,78,75.66666666666667,High
693,66,74,81,73.66666666666667,High
694,77,77,73,75.66666666666667,High
695,49,63,56,56.0,Medium
696,79,89,86,84.66666666666667,High
697,75,82,90,82.33333333333333,High
698,59,72,70,67.0,Medium
699,57,78,79,71.33333333333333,High
700,66,66,59,63.66666666666666,Medium
701,79,81,82,80.66666666666667,High
702,57,67,72,65.33333333333333,Medium
703,87,84,87,86.0,High
704,63,64,67,64.66666666666667,Medium
705,59,63,64,62.0,Medium
706,62,72,65,66.33333333333333,Medium
707,46,34,36,38.66666666666666,Low
708,66,59,52,59.0,Medium
709,89,87,79,85.0,High
710,42,61,58,53.66666666666666,Medium
711,93,84,90,89.0,High
712,80,85,85,83.33333333333333,High
713,98,100,99,99.0,High
714,81,81,84,82.0,High
715,60,70,74,68.0,Medium
716,76,94,87,85.66666666666667,High
717,73,78,72,74.33333333333333,High
718,96,96,99,97.0,High
719,76,76,74,75.33333333333333,High
720,91,73,80,81.33333333333333,High
721,62,72,70,68.0,Medium
722,55,59,59,57.66666666666666,Medium
723,74,90,88,84.0,High
724,50,48,42,46.66666666666666,Medium
725,47,43,41,43.66666666666666,Medium
726,81,74,71,75.33333333333333,High
727,65,75,77,72.33333333333333,High
728,68,51,57,58.66666666666666,Medium
729,73,92,84,83.0,High
730,53,39,37,43.0,Medium
731,68,77,80,75.0,High
732,55,46,43,48.0,Medium
733,87,89,94,90.0,High
734,55,47,44,48.66666666666666,Medium
735,53,58,57,56.0,Medium
736,67,57,59,61.0,Medium
737,92,79,84,85.0,High
738,53,66,73,64.0,Medium
739,81,71,73,75.0,High
740,61,60,55,58.66666666666666,Medium
741,80,73,72,75.0,High
742,37,57,56,50.0,Medium
743,81,84,82,82.33333333333333,High
744,59,73,72,68.0,Medium
745,55,55,47,52.333333333333336,Medium
746,72,79,74,75.0,High
747,69,75,71,71.66666666666667,High
748,69,64,68,67.0,Medium
749,50,60,59,56.333333333333336,Medium
750,87,84,86,85.66666666666667,High
751,71,69,68,69.33333333333333,Medium
752,68,72,65,68.33333333333333,Medium
753,79,77,75,77.0,High
754,77,90,85,84.0,High
755,58,55,53,55.333333333333336,Medium
756,84,95,92,90.33333333333331,High
757,55,58,52,55.0,Medium
758,70,68,72,70.0,High
759,52,59,65,58.66666666666666,Medium
760,69,77,77,74.33333333333333,High
761,53,72,64,63.0,Medium
762,48,58,54,53.333333333333336,Medium
763,78,81,86,81.66666666666667,High
764,62,62,63,62.333333333333336,Medium
765,60,63,59,60.66666666666666,Medium
766,74,72,72,72.66666666666667,High
767,58,75,77,70.0,High
768,76,62,60,66.0,Medium
769,68,71,75,71.33333333333333,High
770,58,60,57,58.333333333333336,Medium
771,52,48,49,49.66666666666666,Medium
772,75,73,74,74.0,High
773,52,67,72,63.66666666666666,Medium
774,62,78,79,73.0,High
775,66,65,60,63.66666666666666,Medium
776,49,58,55,54.0,Medium
777,66,72,70,69.33333333333333,Medium
778,35,44,43,40.66666666666666,Medium
779,72,79,82,77.66666666666667,High
780,94,85,82,87.0,High
781,46,56,57,53.0,Medium
782,77,90,84,83.66666666666667,High
783,76,85,82,81.0,High
784,52,59,62,57.66666666666666,Medium
785,91,81,79,83.66666666666667,High
786,32,51,44,42.333333333333336,Medium
787,72,79,77,76.0,High
788,19,38,32,29.666666666666668,Low
789,68,65,61,64.66666666666667,Medium
790,52,65,61,59.333333333333336,Medium
791,48,62,60,56.66666666666666,Medium
792,60,66,70,65.33333333333333,Medium
793,66,74,69,69.66666666666667,Medium
794,89,84,77,83.33333333333333,High
795,42,52,51,48.333333333333336,Medium
796,57,68,73,66.0,Medium
797,70,70,70,70.0,High
798,70,84,81,78.33333333333333,High
799,69,60,54,61.0,Medium
800,52,55,57,54.66666666666666,Medium
801,67,73,68,69.33333333333333,Medium
802,76,80,73,76.33333333333333,High
803,87,94,95,92.0,High
804,82,85,87,84.66666666666667,High
805,73,76,78,75.66666666666667,High
806,75,81,74,76.66666666666667,High
807,64,74,75,71.0,High
808,41,45,40,42.0,Medium
809,90,75,69,78.0,High
810,59,54,51,54.66666666666666,Medium
811,51,31,36,39.333333333333336,Low
812,45,47,49,47.0,Medium
813,54,64,67,61.66666666666666,Medium
814,87,84,76,82.33333333333333,High
815,72,80,83,78.33333333333333,High
816,94,86,87,89.0,High
817,45,59,64,56.0,Medium
818,61,70,76,69.0,Medium
819,60,72,68,66.66666666666667,Medium
820,77,91,88,85.33333333333333,High
821,85,90,92,89.0,High
822,78,90,93,87.0,High
823,49,52,51,50.66666666666666,Medium
824,71,87,82,80.0,High
825,48,58,52,52.66666666666666,Medium
826,62,67,58,62.333333333333336,Medium
827,56,68,70,64.66666666666667,Medium
828,65,69,76,70.0,High
829,69,86,81,78.66666666666667,High
830,68,54,53,58.333333333333336,Medium
831,61,60,57,59.333333333333336,Medium
832,74,86,89,83.0,High
833,64,60,58,60.66666666666666,Medium
834,77,82,89,82.66666666666667,High
835,58,50,45,51.0,Medium
836,60,64,74,66.0,Medium
837,73,64,57,64.66666666666667,Medium
838,75,82,79,78.66666666666667,High
839,58,57,53,56.0,Medium
840,66,77,73,72.0,High
841,39,52,46,45.66666666666666,Medium
842,64,58,51,57.66666666666666,Medium
843,23,44,36,34.333333333333336,Low
844,74,77,76,75.66666666666667,High
845,40,65,64,56.333333333333336,Medium
846,90,85,84,86.33333333333333,High
847,91,85,85,87.0,High
848,64,54,50,56.0,Medium
849,59,72,68,66.33333333333333,Medium
850,80,75,69,74.66666666666667,High
851,71,67,67,68.33333333333333,Medium
852,61,68,63,64.0,Medium
853,87,85,93,88.33333333333333,High
854,82,67,61,70.0,High
855,62,64,55,60.333333333333336,Medium
856,97,97,96,96.66666666666669,High
857,75,68,65,69.33333333333333,Medium
858,65,79,81,75.0,High
859,52,49,46,49.0,Medium
860,87,73,72,77.33333333333333,High
861,53,62,53,56.0,Medium
862,81,86,87,84.66666666666667,High
863,39,42,38,39.66666666666666,Low
864,71,71,80,74.0,High
865,97,93,91,93.66666666666669,High
866,82,82,88,84.0,High
867,59,53,52,54.66666666666666,Medium
868,61,42,41,48.0,Medium
869,78,74,72,74.66666666666667,High
870,49,51,51,50.333333333333336,Medium
871,59,58,47,54.66666666666666,Medium
872,70,72,76,72.66666666666667,High
873,82,84,78,81.33333333333333,High
874,90,90,82,87.33333333333333,High
875,43,62,61,55.333333333333336,Medium
876,80,64,66,70.0,High
877,81,82,84,82.33333333333333,High
878,57,61,54,57.333333333333336,Medium
879,59,72,80,70.33333333333333,High
880,64,76,74,71.33333333333333,High
881,63,64,66,64.33333333333333,Medium
882,71,70,70,70.33333333333333,High
883,64,73,71,69.33333333333333,Medium
884,55,46,44,48.333333333333336,Medium
885,51,51,54,52.0,Medium
886,62,76,80,72.66666666666667,High
887,93,100,95,96.0,High
888,54,72,59,61.66666666666666,Medium
889,69,65,74,69.33333333333333,Medium
890,44,51,48,47.66666666666666,Medium
891,86,85,91,87.33333333333333,High
892,85,92,85,87.33333333333333,High
893,50,67,73,63.333333333333336,Medium
894,88,74,75,79.0,High
895,59,62,69,63.333333333333336,Medium
896,32,34,38,34.666666666666664,Low
897,36,29,27,30.666666666666668,Low
898,63,78,79,73.33333333333333,High
899,67,54,63,61.333333333333336,Medium
900,65,78,82,75.0,High
901,85,84,89,86.0,High
902,73,78,74,75.0,High
903,34,48,41,41.0,Medium
904,93,100,100,97.66666666666669,High
905,67,84,84,78.33333333333333,High
906,88,77,77,80.66666666666667,High
907,57,48,51,52.0,Medium
908,79,84,91,84.66666666666667,High
909,67,75,72,71.33333333333333,High
910,70,64,70,68.0,Medium
911,50,42,48,46.66666666666666,Medium
912,69,84,82,78.33333333333333,High
913,52,61,66,59.66666666666666,Medium
914,47,62,66,58.333333333333336,Medium
915,46,61,55,54.0,Medium
916,68,70,66,68.0,Medium
917,100,100,100,100.0,High
918,44,61,52,52.333333333333336,Medium
919,57,77,80,71.33333333333333,High
920,91,96,91,92.66666666666669,High
921,69,70,67,68.66666666666667,Medium
922,35,53,46,44.66666666666666,Medium
923,72,66,66,68.0,Medium
924,54,65,65,61.333333333333336,Medium
925,74,70,69,71.0,High
926,74,64,60,66.0,Medium
927,64,56,52,57.333333333333336,Medium
928,65,61,71,65.66666666666667,Medium
929,46,43,44,44.333333333333336,Medium
930,48,56,51,51.66666666666666,Medium
931,67,74,70,70.33333333333333,High
932,62,57,62,60.333333333333336,Medium
933,61,71,73,68.33333333333333,Medium
934,70,75,74,73.0,High
935,98,87,90,91.66666666666669,High
936,70,63,58,63.66666666666666,Medium
937,67,57,53,59.0,Medium
938,57,58,57,57.333333333333336,Medium
939,85,81,85,83.66666666666667,High
940,77,68,69,71.33333333333333,High
941,72,66,72,70.0,High
942,78,91,96,88.33333333333333,High
943,81,66,64,70.33333333333333,High
944,61,62,61,61.333333333333336,Medium
945,58,68,61,62.333333333333336,Medium
946,54,61,58,57.66666666666666,Medium
947,82,82,80,81.33333333333333,High
948,49,58,60,55.66666666666666,Medium
949,49,50,52,50.333333333333336,Medium
950,57,75,73,68.33333333333333,Medium
951,94,73,71,79.33333333333333,High
952,75,77,83,78.33333333333333,High
953,74,74,72,73.33333333333333,High
954,58,52,54,54.66666666666666,Medium
955,62,69,69,66.66666666666667,Medium
956,72,57,62,63.66666666666666,Medium
957,84,87,81,84.0,High
958,92,100,100,97.33333333333331,High
959,45,63,59,55.66666666666666,Medium
960,75,81,71,75.66666666666667,High
961,56,58,64,59.333333333333336,Medium
962,48,54,53,51.66666666666666,Medium
963,100,100,100,100.0,High
964,65,76,75,72.0,High
965,72,57,58,62.333333333333336,Medium
966,62,70,72,68.0,Medium
967,66,68,64,66.0,Medium
968,63,63,60,62.0,Medium
969,68,76,67,70.33333333333333,High
970,75,84,80,79.66666666666667,High
971,89,100,100,96.33333333333331,High
972,78,72,69,73.0,High
973,53,50,60,54.333333333333336,Medium
974,49,65,61,58.333333333333336,Medium
975,54,63,67,61.333333333333336,Medium
976,64,82,77,74.33333333333333,High
977,60,62,60,60.66666666666666,Medium
978,62,65,58,61.66666666666666,Medium
979,55,41,48,48.0,Medium
980,91,95,94,93.33333333333331,High
981,8,24,23,18.33333333333333,Low
982,81,78,78,79.0,High
983,79,85,86,83.33333333333333,High
984,78,87,91,85.33333333333333,High
985,74,75,82,77.0,High
986,57,51,54,54.0,Medium
987,40,59,51,50.0,Medium
988,81,75,76,77.33333333333333,High
989,44,45,45,44.66666666666666,Medium
990,67,86,83,78.66666666666667,High
991,86,81,75,80.66666666666667,High
992,65,82,78,75.0,High
993,55,76,76,69.0,Medium
994,62,72,74,69.33333333333333,Medium
995,63,63,62,62.66666666666666,Medium
996,88,99,95,94.0,High
997,62,55,55,57.333333333333336,Medium
998,59,71,65,65.0,Medium
999,68,78,77,74.33333333333333,High
1000,77,86,86,83.0,High
